username,email

john_smith,john_smith@fakemail.com
liza_lee,liza_lee@fakemail.com
linda_loop,linda_loop@fakemail.com
jenny_jones,jenny_jones@mailing.com
henny_penny,henny_penny@skyisfalling.com
dixie_pixie,dixie_pixie@pixiedust.com
sally_racket,sally_racket@seashanty.edu
