id,name,email,street1,street2,city,state_prov,zip,country,ccnum,ccmonth,ccyear,user_id
1,Anna,Anna@somesite.com,145 Rose Street,Unit 1,Snohomish,WA,97016,USA,1234900054672345,1,2017,1
2,Boyd,Boyd@somesite.com,146 Rose Street,Unit #4,Snohomish,WA,97016,USA,1234900054672346,2,2018,5
3,Carrie,Carrie@somesite.com,147 Rose Street,,Snohomish,WA,97016,USA,1234900054672347,3,2019,9
4,Donald,Donald@somesite.com,148 Rose Street,Unit 2,Snohomish,WA,97016,USA,1234900054672348,4,2020,13
5,Ermina,Ermina@somesite.com,149 Rose Street,Unit 3,Snohomish,WA,97016,USA,1234900054672349,5,2021,17
6,Franklin,Franklin@somesite.com,PO Box 12,,Seattle,WA,98112,USA,1234900054672350,6,2017,21
7,Gene,Gene@somesite.com,PO Box 13,,Seattle,WA,98112,USA,1234900054672351,7,2018,25
8,Hollywood,Hollywood@somesite.com,PO Box 14,,Seattle,WA,98112,USA,1234900054672352,8,2019,29
9,Ibecca,Ibecca@somesite.com,PO Box 15,,Seattle,WA,98112,USA,1234900054672353,9,2020,33
10,Jose,Jose@somesite.com,PO Box 16,,Seattle,WA,98112,USA,1234900054672354,10,2021,37
11,Kris,Kris@somesite.com,PO Box 17,,Tempe,AZ,85710,USA,1234900054672355,11,2017,41
12,Llenore,Llenore@somesite.com,PO Box 18,,Tempe,AZ,85710,USA,1234900054672356,12,2018,45
13,Max,Max@somesite.com,PO Box 19,,Tempe,AZ,85710,USA,1234900054672357,1,2019,49
14,Nur,Nur@somesite.com,PO Box 20,,Tempe,AZ,85710,USA,1234900054672358,4,2020,53
15,Opeth,Opeth@somesite.com,PO Box 21,,Tempe,AZ,85710,USA,1234900054672359,7,2021,57
16,Pop,Pop@somesite.com,15002 31st St,Unit #17,Tempe,AZ,85710,USA,1234900054672360,9,2017,61
17,Quincy,Quincy@somesite.com,15003 31st St,Unit #23,Tempe,AZ,85710,USA,1234900054672361,3,2018,65
18,Renee,Renee@somesite.com,15004 31st St,Apt 302,Tempe,AZ,85710,USA,1234900054672362,6,2019,69
19,Sulli,Sulli@somesite.com,15005 Apple Lane,Apt #303,Rosemont,CA,90210,USA,1234900054672363,8,2020,73
20,Toman,Toman@somesite.com,15006 Apple Lane,Unit #9,Rosemont,CA,90210,USA,1234900054672364,10,2021,77
21,Ursula,Ursula@somesite.com,15007 Apple Lane,Unit 11,Rosemont,CA,90210,USA,1234900054672365,11,2017,81
22,Vinnie,Vinnie@somesite.com,15008 Apple Lane,Apt# 304,Rosemont,CA,90210,USA,1234900054672366,12,2018,85
23,West,West@somesite.com,1 Iceburg,Apt #305,North Pole,QC,H2K 1W1,Canada,1234900054672367,1,2019,89
24,Xavi,Xavi@somesite.com,2 Iceburg,,North Pole,QC,H2K 1W2,Canada,1234900054672368,4,2020,93
25,Yolanda,Yolanda@somesite.com,3 Iceburg,Apt 307,North Pole,QC,H2K 1W3,Canada,1234900054672369,7,2021,97
26,Zed,Zed@somesite.com,4 Iceburg,Unit #10,North Pole,QC,H2K 1W4,Canada,1234900054672370,9,2017,101
