id,user_id,username,email
1,1,bitsy_pops,bitsy_pops@gmail.com
2,5,nomnomnom,noms@noms.com
3,9,mz_cake,ihazcake@aol.com
4,13,chimichanga123,chacha@gmail.com
5,17,Ermina,Ermina@somesite.com
6,21,Franklin,Franklin@somesite.com
7,25,Gene,Gene@somesite.com
8,29,Hollywood,Hollywood@somesite.com
9,33,Ibecca,Ibecca@somesite.com
10,37,Jose,Jose@somesite.com
